{"mean_": [-0.0004520940955654069, 0.0, -0.6666666666666666, -0.12903225806451613, -0.2702702702702703], "scale_range": [466717.0, 700.0, 3.0, 155.0, 74.0], "feature_names": ["ID", "Price", "Avg ratings", "Total ratings", "Delivery time"]}